{
  "projectId": "YcSly0SB4tCbd1GHAe8n",
  "lite": false,
  "updateDate": 1705156189869,
  "barCodeUsbDeviceName": "",
  "rdpAddress": null,
  "screenSize": "1920,1080",
  "localPrinterIp": "printer:EPSON TM-m30 Receipt",
  "id": "rfFZWifY7",
  "screenRotation": 0,
  "mouseSystemDevPath": "",
  "stripeTerminalId": null,
  "usbDevice": true,
  "wsLogUrl": "",
  "name": "apiborne105",
  "stripeLocationId": null,
  "version": "3.0.15",
  "brandId": "LA8gXCFOa6lUh6brUCn9",
  "commandLogUrl": "",
  "stripeAccountId": null
}