{
    "keep": {
        "days": true,
        "amount": 14
    },
    "auditLog": "..\\..\\logs\\.1ef820d2824565ae08445795ebd56b4aa256b04f-audit.json",
    "files": [
        {
            "date": 1704794371478,
            "name": "..\\..\\logs\\commandReboot.log-2024-01-09-10.log",
            "hash": "df3167f5df9a531af7228cdf72e498cc780ea91368bb45b1e465c3db64ad17be"
        },
        {
            "date": 1704991530886,
            "name": "..\\..\\logs\\commandReboot.log-2024-01-11-17.log",
            "hash": "1687ec5556adaf7951b9aaacbeb2472d30da12aa50cc5459d7de6b4dbf2ab30b"
        },
        {
            "date": 1704992650143,
            "name": "..\\..\\logs\\commandReboot.log-2024-01-11-18.log",
            "hash": "f6ad495537fdcda8d7dc1adaabe1031ec01962897d891503e567c8e5706eb84a"
        },
        {
            "date": 1705153760631,
            "name": "..\\..\\logs\\commandReboot.log-2024-01-13-14.log",
            "hash": "a175b22c278730dfb036d119753a067e31be0059d1891bb12be14c2b135dde7e"
        },
        {
            "date": 1705156132946,
            "name": "..\\..\\logs\\commandReboot.log-2024-01-13-15.log",
            "hash": "5aea5b419a75cfe9a32554b8651ccbe78a9e3f6539faf68e7abfcbb8b2dc8996"
        },
        {
            "date": 1705158060800,
            "name": "..\\..\\logs\\commandReboot.log-2024-01-13-16.log",
            "hash": "905a71936885af65df7053b7ae7c0c83a71a8797a90a8b66f28735c2eb067d74"
        },
        {
            "date": 1705168347279,
            "name": "..\\..\\logs\\commandReboot.log-2024-01-13-18.log",
            "hash": "e2ee112b4d594208321636a262355654a4679d0f9ab24e51bd130db56facb455"
        },
        {
            "date": 1705169133995,
            "name": "..\\..\\logs\\commandReboot.log-2024-01-13-19.log",
            "hash": "f2fd14d948e428a77c2fc2d41e1aa9b6663ee0f33860a960b00dd4eab2467e09"
        },
        {
            "date": 1705230325954,
            "name": "..\\..\\logs\\commandReboot.log-2024-01-14-12.log",
            "hash": "bf1e72aacc740a9fd6808cdf962af0e942121f0e2bd87cd48ddea8fb0a498e1c"
        }
    ],
    "hashType": "sha256"
}