{
    "keep": {
        "days": true,
        "amount": 14
    },
    "auditLog": "..\\..\\logs\\.a8655b0a444cc42254a883f891ad0c7990b2a192-audit.json",
    "files": [
        {
            "date": 1704794371468,
            "name": "..\\..\\logs\\ws.log-2024-01-09-10.log",
            "hash": "da4d89ed91312b1ba2cec7b5344a2151463f40b5e97e14fc83bf5e7bbd1ba34d"
        },
        {
            "date": 1704991530883,
            "name": "..\\..\\logs\\ws.log-2024-01-11-17.log",
            "hash": "4d9ab3c0b7d029dc540f9a99ef01af79ee60587c490cc62b9e6d0ed6d63d71cc"
        },
        {
            "date": 1704992479298,
            "name": "..\\..\\logs\\ws.log-2024-01-11-18.log",
            "hash": "9fc76fe633bd6588990c1a8dc588f47b778b4689bc3cb89b173d19bd010fd148"
        },
        {
            "date": 1705153760627,
            "name": "..\\..\\logs\\ws.log-2024-01-13-14.log",
            "hash": "750e1fba88568aba21b4776e63ad01e889550750fff956af7d9f2cef2996e552"
        },
        {
            "date": 1705155615822,
            "name": "..\\..\\logs\\ws.log-2024-01-13-15.log",
            "hash": "986d004b1e1e63bdd9b38b21c4a89cf574953b5bc3d05c6587f22238c6216e89"
        },
        {
            "date": 1705158060795,
            "name": "..\\..\\logs\\ws.log-2024-01-13-16.log",
            "hash": "41a784be862e2e60ceb132544a158c9140f959af76fe7e5ad1650056cbd0dd4f"
        },
        {
            "date": 1705168347279,
            "name": "..\\..\\logs\\ws.log-2024-01-13-18.log",
            "hash": "7be9d4ff63d6ecf038b1795f95b500bcf3b993e4dcfe32e5e21558af82a6c3c1"
        },
        {
            "date": 1705169133992,
            "name": "..\\..\\logs\\ws.log-2024-01-13-19.log",
            "hash": "db4428bd72d8c0edfce525bf5508e71181319d37a82c7b6eb6e34b9d6b376113"
        },
        {
            "date": 1705230325950,
            "name": "..\\..\\logs\\ws.log-2024-01-14-12.log",
            "hash": "8313983cba208cd1a8fe1a6f6d42038b0c601c8a8ce5a91a2e5e4ef4de432cc0"
        }
    ],
    "hashType": "sha256"
}