{
    "keep": {
        "days": true,
        "amount": 14
    },
    "auditLog": "..\\..\\logs\\.c28a1550b228b561e7480bf5429c15b864e68355-audit.json",
    "files": [
        {
            "date": 1704794371474,
            "name": "..\\..\\logs\\command.log-2024-01-09-10.log",
            "hash": "c131d1e30ab551f00ff66bb773e6c4f1985d7aac78ce45905932d18a63fa6794"
        },
        {
            "date": 1704991530885,
            "name": "..\\..\\logs\\command.log-2024-01-11-17.log",
            "hash": "9f012ffc95625a3221f0ee3075491897dffff46d66a9d3bd0a9519dc175f0ba7"
        },
        {
            "date": 1704992479305,
            "name": "..\\..\\logs\\command.log-2024-01-11-18.log",
            "hash": "1bd6d032f187e8c871477248f44fe8c1d0c2813cde4b30445dace4b0c892115c"
        },
        {
            "date": 1704996112205,
            "name": "..\\..\\logs\\command.log-2024-01-11-19.log",
            "hash": "1b23bc7214e530de27846aaede372fc7983dc18d62097d9be42b5db8ef2921b4"
        },
        {
            "date": 1705153760630,
            "name": "..\\..\\logs\\command.log-2024-01-13-14.log",
            "hash": "e941062e36651600a31618d886d804977fa64a8df18bb4793d22a59869ea9c9a"
        },
        {
            "date": 1705155639372,
            "name": "..\\..\\logs\\command.log-2024-01-13-15.log",
            "hash": "592cf68877b15f3a7d6ac9564127122543d1eb2f1945e623d8219a981f572350"
        },
        {
            "date": 1705158060798,
            "name": "..\\..\\logs\\command.log-2024-01-13-16.log",
            "hash": "f3a3eb0dd466cbc5ba24699fd1d5ca1592acc843d29865cefc633a51cfdee8bf"
        },
        {
            "date": 1705161662117,
            "name": "..\\..\\logs\\command.log-2024-01-13-17.log",
            "hash": "54cb7fae80aff39ca7a1297c16ac273c80bb04aac7c53a39c5462b1012a22558"
        },
        {
            "date": 1705165262111,
            "name": "..\\..\\logs\\command.log-2024-01-13-18.log",
            "hash": "5e8beb86f835e9e4ccb41dd36d7a99c695f819c528a0de6608fdfe35f83e48aa"
        },
        {
            "date": 1705169133993,
            "name": "..\\..\\logs\\command.log-2024-01-13-19.log",
            "hash": "3706612f4b5ed9f5157d0eb2f60070e79b3a8b4cb8deac34407ccd1563a8c521"
        },
        {
            "date": 1705230325952,
            "name": "..\\..\\logs\\command.log-2024-01-14-12.log",
            "hash": "add29c7a0087684c9422381d651a05c752117991df840e85dba30ffa1cd44dfd"
        }
    ],
    "hashType": "sha256"
}